-- ユーザーデータの挿入
INSERT INTO users (id, username, email, password_hash) VALUES
('00000000-0000-0000-0000-000000000001', '田中太郎', 'tanaka@example.com', 'hash1'),
('00000000-0000-0000-0000-000000000002', '鈴木花子', 'suzuki@example.com', 'hash2'),
('00000000-0000-0000-0000-000000000003', '佐藤次郎', 'sato@example.com', 'hash3'),
('00000000-0000-0000-0000-000000000004', 'ぼっち太郎', 'botch-in-the-box@example.com', 'hash4');

-- ワークスペースの作成
INSERT INTO workspaces (id, name) VALUES
('00000000-0000-0000-0000-000000000001', 'プロジェクトX');

-- ワークスペースメンバーの設定
INSERT INTO workspace_members (user_id, workspace_id) VALUES
('00000000-0000-0000-0000-000000000001', '00000000-0000-0000-0000-000000000001'),
('00000000-0000-0000-0000-000000000002', '00000000-0000-0000-0000-000000000001'),
('00000000-0000-0000-0000-000000000003', '00000000-0000-0000-0000-000000000001'),
('00000000-0000-0000-0000-000000000004', '00000000-0000-0000-0000-000000000001');

-- チャンネルの作成
INSERT INTO channels (id, name, workspace_id) VALUES
-- ３人とも
('00000000-0000-0000-0000-000000000001', 'general', '00000000-0000-0000-0000-000000000001'),
-- 田中太郎と鈴木花子
('00000000-0000-0000-0000-000000000002', 'times_hanako', '00000000-0000-0000-0000-000000000001'),
-- ぼっち太郎
('00000000-0000-0000-0000-000000000003', 'botch_room', '00000000-0000-0000-0000-000000000001');

-- チャンネルメンバーの設定
INSERT INTO channel_members (user_id, channel_id) VALUES
-- general
('00000000-0000-0000-0000-000000000001', '00000000-0000-0000-0000-000000000001'),
('00000000-0000-0000-0000-000000000002', '00000000-0000-0000-0000-000000000001'),
('00000000-0000-0000-0000-000000000003', '00000000-0000-0000-0000-000000000001'),
-- times_hanako
('00000000-0000-0000-0000-000000000002', '00000000-0000-0000-0000-000000000002'),
('00000000-0000-0000-0000-000000000001', '00000000-0000-0000-0000-000000000002'),
-- botch_room
('00000000-0000-0000-0000-000000000004', '00000000-0000-0000-0000-000000000003');

-- メッセージの投稿
INSERT INTO messages (id, channel_id, posted_by, content, is_root) VALUES
('00000000-0000-0000-0000-000000000001', '00000000-0000-0000-0000-000000000001', '00000000-0000-0000-0000-000000000001', 'みなさん、おあはうございます！', TRUE),
('00000000-0000-0000-0000-000000000002', '00000000-0000-0000-0000-000000000001', '00000000-0000-0000-0000-000000000001', '新しいプロジェクトについて話し合いましょう', TRUE),
-- しりとりスレッド
('00000000-0000-0000-0000-000000000003', '00000000-0000-0000-0000-000000000001', '00000000-0000-0000-0000-000000000003', 'そんなことより、しりとりしよう！', TRUE),
('00000000-0000-0000-0000-000000000004', '00000000-0000-0000-0000-000000000001', '00000000-0000-0000-0000-000000000002', 'りんご', FALSE),
('00000000-0000-0000-0000-000000000005', '00000000-0000-0000-0000-000000000001', '00000000-0000-0000-0000-000000000003', 'ゴリラ', FALSE),
('00000000-0000-0000-0000-000000000006', '00000000-0000-0000-0000-000000000001', '00000000-0000-0000-0000-000000000001', 'らっぱ', FALSE),
('00000000-0000-0000-0000-000000000007', '00000000-0000-0000-0000-000000000001', '00000000-0000-0000-0000-000000000001', 'プロジェクトの話をしませんか？', FALSE);


-- メッセージの階層構造
INSERT INTO message_tree_paths (ancestor_id, descendant_id) VALUES
('00000000-0000-0000-0000-000000000001', '00000000-0000-0000-0000-000000000001'),
('00000000-0000-0000-0000-000000000002', '00000000-0000-0000-0000-000000000002'),

-- しりとりスレッド
-- ルートメッセージ（自己参照）
('00000000-0000-0000-0000-000000000003', '00000000-0000-0000-0000-000000000003'),
-- りんご（ルートからの階層）
('00000000-0000-0000-0000-000000000003', '00000000-0000-0000-0000-000000000004'),
('00000000-0000-0000-0000-000000000004', '00000000-0000-0000-0000-000000000004'),
-- ゴリラ（ルートと直前の返信からの階層）
('00000000-0000-0000-0000-000000000003', '00000000-0000-0000-0000-000000000005'),
('00000000-0000-0000-0000-000000000004', '00000000-0000-0000-0000-000000000005'),
('00000000-0000-0000-0000-000000000005', '00000000-0000-0000-0000-000000000005'),
-- らっぱ（ルートと全ての先祖からの階層）
('00000000-0000-0000-0000-000000000003', '00000000-0000-0000-0000-000000000006'),
('00000000-0000-0000-0000-000000000004', '00000000-0000-0000-0000-000000000006'),
('00000000-0000-0000-0000-000000000005', '00000000-0000-0000-0000-000000000006'),
('00000000-0000-0000-0000-000000000006', '00000000-0000-0000-0000-000000000006'),
-- プロジェクトの話題（独立したメッセージ）
('00000000-0000-0000-0000-000000000003', '00000000-0000-0000-0000-000000000007'),
('00000000-0000-0000-0000-000000000004', '00000000-0000-0000-0000-000000000007'),
('00000000-0000-0000-0000-000000000005', '00000000-0000-0000-0000-000000000007'),
('00000000-0000-0000-0000-000000000006', '00000000-0000-0000-0000-000000000007'),
('00000000-0000-0000-0000-000000000007', '00000000-0000-0000-0000-000000000007');

-- メッセージイベントの記録
INSERT INTO message_events (message_id, event_type, user_id, content) VALUES
('00000000-0000-0000-0000-000000000001', 'UPDATE', '00000000-0000-0000-0000-000000000001', 'みなさん、おはようございます！');
